"";"AST 1A";"AST 2A";"ERASMUS - Contractuels";"But-Stid";"Eco BL";"Eco D2";"Interne";"Mathématiques"
"Moyenne des moyennes en UE STAT 2A sur 2023-2024";"13.1";"14.8";"13.6";"12.6";"12.6";"12.6";"12.7";"12.9"
"Moyenne des moyennes en UE STAT 2A sur 2021-2022";"12.8";"13.6";"13.6";"12.7";"13.0";"12.1";"13.0";"12.8"
"Moyenne des moyennes en UE STAT 2A sur 2018-2020";"14.0";"14.6";"11.0";"13.0";"13.5";"12.8";"14.1";"13.1"
"Moyenne des moyennes en UE STAT 2A sur 2015-2017";"12.8";"13.1";"10.6";"12.7";"13.4";"12.5";"12.6";"12.6"
