"";"AST 1A";"But-Stid";"ERASMUS - Contractuels";"Eco BL";"Eco D2";"Interne";"Mathématiques"
"Moyenne des moyennes en UE HUMANITES 1A sur 2023-2024";"14.3";"14.0";"15.4";"15.2";"14.9";"14.0";"14.5"
"Moyenne des moyennes en UE HUMANITES 1A sur 2021-2022";"13.4";"14.0";"15.2";"14.0";"13.3";"13.9";"13.5"
"Moyenne des moyennes en UE HUMANITES 1A sur 2018-2020";"14.2";"14.1";"15.3";"14.7";"14.4";"14.6";"14.1"
"Moyenne des moyennes en UE HUMANITES 1A sur 2015-2017";"14.0";"13.8";"14.7";"14.8";"14.0";"14.2";"13.9"
