"";"AST 1A";"AST 2A";"ERASMUS - Contractuels";"But-Stid";"Eco BL";"Eco D2";"Interne";"Mathématiques"
"Moyenne des moyennes en UE HUMANITES 2A sur 2023-2024";"14.5";"14.0";NA;"14.6";"15.3";"15.1";"14.4";"14.9"
"Moyenne des moyennes en UE HUMANITES 2A sur 2021-2022";"16.7";"15.5";"17.6";"16.8";"16.7";"15.3";"16.2";"16.3"
"Moyenne des moyennes en UE HUMANITES 2A sur 2018-2020";"15.0";"14.1";"15.3";"15.0";"15.3";"15.0";"15.7";"14.7"
"Moyenne des moyennes en UE HUMANITES 2A sur 2015-2017";"14.4";"13.7";"12.9";"14.2";"15.3";"14.1";"15.1";"14.2"
