"";"AST 1A";"AST 2A";"ERASMUS - Contractuels";"But-Stid";"Eco BL";"Eco D2";"Interne";"Mathématiques"
"Moyenne des moyennes en UE INFO 2A sur 2023-2024";"15.4";"15.4";NA;"15.3";"14.5";"14.3";"14.9";"14.8"
"Moyenne des moyennes en UE INFO 2A sur 2021-2022";"15.2";"14.2";"13.7";"15.2";"14.6";"14.1";"14.9";"14.4"
"Moyenne des moyennes en UE INFO 2A sur 2018-2020";"14.7";"14.1";"12.7";"14.6";"14.6";"14.0";"14.9";"13.9"
"Moyenne des moyennes en UE INFO 2A sur 2015-2017";"14.6";"13.7";"12.3";"14.8";"14.4";"14.3";"15.0";"14.2"
