"";"AST 1A";"AST 2A";"ERASMUS - Contractuels";"But-Stid";"Eco BL";"Eco D2";"Interne";"Mathématiques"
"Moyenne des moyennes générales 2A sur 2023-2024";"13.9";"14.9";"13.1";"13.7";"13.7";"13.6";"12.9";"13.7"
"Moyenne des moyennes générales 2A sur 2021-2022";"14.0";"14.0";"13.2";"13.7";"13.9";"13.1";"13.8";"13.6"
"Moyenne des moyennes générales 2A sur 2018-2020";"14.4";"14.4";"11.9";"13.8";"14.2";"13.6";"14.8";"13.5"
"Moyenne des moyennes générales 2A sur 2015-2017";"13.4";"13.5";"10.8";"13.4";"13.8";"13.1";"13.3";"13.2"
