"";"AST 1A";"AST 2A";"ERASMUS - Contractuels";"But-Stid";"Eco BL";"Eco D2";"Interne";"Mathématiques"
"Moyenne des moyennes en UE ECO 2A sur 2023-2024";"13.6";"14.2";"12.3";"13.1";"13.0";"13.7";"14.3";"13.4"
"Moyenne des moyennes en UE ECO 2A sur 2021-2022";"12.1";"12.5";"11.7";"10.7";"13.2";"11.8";"13.2";"12.6"
"Moyenne des moyennes en UE ECO 2A sur 2018-2020";"13.7";"13.7";"11.8";"12.2";"13.9";"13.6";"15.2";"12.5"
"Moyenne des moyennes en UE ECO 2A sur 2015-2017";"13.2";"14.1";"10.8";"12.6";"13.0";"13.2";"12.8";"12.5"
