"";"AST 1A";"But-Stid";"ERASMUS - Contractuels";"Eco BL";"Eco D2";"Interne";"Mathématiques"
"Part des élèves avec une moyenne en UE STAT en 1A < 12 sur 2023-2024";"5.4";"16";"100";"42.1";"29.2";"15.4";"23.6"
"Part des élèves avec une moyenne en UE STAT en 1A < 12 sur 2021-2022";"8.8";"12.5";"0";"27.3";"35";"4.8";"27.6"
"Part des élèves avec une moyenne en UE STAT en 1A < 12 sur 2018-2020";"14";"22.6";"33.3";"23.8";"25.6";"21.9";"26.3"
"Part des élèves avec une moyenne en UE STAT en 1A < 12 sur 2015-2017";"12.8";"42.9";"100";"45.5";"38.5";"20.6";"38.3"
