"";"AST 1A";"But-Stid";"ERASMUS - Contractuels";"Eco BL";"Eco D2";"Interne";"Mathématiques"
"Part des élèves avec une moyenne en UE ECO en 1A < 12 sur 2023-2024";"5.4";"16";"75";"21.1";"12.5";"7.7";"6.5"
"Part des élèves avec une moyenne en UE ECO en 1A < 12 sur 2021-2022";"8.8";"18.8";"50";"24.2";"20";"14.3";"20.2"
"Part des élèves avec une moyenne en UE ECO en 1A < 12 sur 2018-2020";"11.6";"19.4";"55.6";"16.7";"2.6";"6.2";"25.9"
"Part des élèves avec une moyenne en UE ECO en 1A < 12 sur 2015-2017";"15.4";"53.6";"75";"18.2";"5.1";"23.5";"53.9"
