"";"AST 1A";"But-Stid";"ERASMUS - Contractuels";"Eco BL";"Eco D2";"Interne";"Mathématiques"
"Part des élèves avec une moyenne générale en 1A < 12 sur 2023-2024";"0";"12";"100";"18.4";"16.7";"15.4";"8"
"Part des élèves avec une moyenne générale en 1A < 12 sur 2021-2022";"5.9";"12.5";"50";"6.1";"15";"0";"11"
"Part des élèves avec une moyenne générale en 1A < 12 sur 2018-2020";"11.6";"12.9";"44.4";"16.7";"10.3";"3.1";"10.8"
"Part des élèves avec une moyenne générale en 1A < 12 sur 2015-2017";"5.1";"17.9";"75";"13.6";"12.8";"8.8";"22.2"
