"";"AST 1A";"AST 2A";"ERASMUS - Contractuels";"But-Stid";"Eco BL";"Eco D2";"Interne";"Mathématiques"
"Part des élèves avec une moyenne générale en 2A < 12 sur 2023-2024";"3.2";"2.3";"33.3";"6.2";"7.1";"18.2";"16.7";"5.9"
"Part des élèves avec une moyenne générale en 2A < 12 sur 2021-2022";"6.5";"2.4";"25";"15.8";"3.8";"13";"4";"11.5"
"Part des élèves avec une moyenne générale en 2A < 12 sur 2018-2020";"2.4";"1.8";"42.9";"3.4";"5.9";"7.7";"6.5";"10.5"
"Part des élèves avec une moyenne générale en 2A < 12 sur 2015-2017";"5.7";"9.8";"66.7";"4";"11.1";"10.8";"16.7";"15.7"
