"";"AST 1A";"AST 2A";"ERASMUS - Contractuels";"But-Stid";"Eco BL";"Eco D2";"Interne";"Mathématiques"
"Part des élèves avec une moyenne en UE HUMANITES en 2A < 12 sur 2023-2024";"3.2";"14";"0";"0";"3.6";"0";"11.1";"1.2"
"Part des élèves avec une moyenne en UE HUMANITES en 2A < 12 sur 2021-2022";"0";"0";"0";"0";"0";"4.3";"4";"0"
"Part des élèves avec une moyenne en UE HUMANITES en 2A < 12 sur 2018-2020";"0";"5.5";"0";"0";"2.9";"2.6";"0";"2.9"
"Part des élèves avec une moyenne en UE HUMANITES en 2A < 12 sur 2015-2017";"2.9";"14.6";"0";"8";"5.6";"2.7";"0";"5.1"
