"";"AST 1A";"But-Stid";"ERASMUS - Contractuels";"Eco BL";"Eco D2";"Interne";"Mathématiques"
"Part des élèves avec une moyenne en UE INFO en 1A < 12 sur 2023-2024";"5.4";"8";"100";"34.2";"45.8";"15.4";"14.6"
"Part des élèves avec une moyenne en UE INFO en 1A < 12 sur 2021-2022";"0";"0";"0";"12.1";"15";"9.5";"10.4"
"Part des élèves avec une moyenne en UE INFO en 1A < 12 sur 2018-2020";"18.6";"3.2";"33.3";"38.1";"41";"15.6";"10.8"
"Part des élèves avec une moyenne en UE INFO en 1A < 12 sur 2015-2017";"10.3";"10.7";"50";"13.6";"43.6";"17.6";"21"
