"";"AST 1A";"AST 2A";"ERASMUS - Contractuels";"But-Stid";"Eco BL";"Eco D2";"Interne";"Mathématiques"
"Part des élèves avec une moyenne en UE STAT en 2A < 12 sur 2023-2024";"25.8";"4.7";"0";"37.5";"25";"27.3";"11.1";"30.8"
"Part des élèves avec une moyenne en UE STAT en 2A < 12 sur 2021-2022";"22.6";"9.8";"0";"31.6";"19.2";"21.7";"36";"27"
"Part des élèves avec une moyenne en UE STAT en 2A < 12 sur 2018-2020";"7.1";"7.3";"57.1";"17.2";"17.6";"35.9";"12.9";"23"
"Part des élèves avec une moyenne en UE STAT en 2A < 12 sur 2015-2017";"20";"24.4";"66.7";"24";"22.2";"29.7";"50";"29.6"
