"";"AST 1A";"AST 2A";"ERASMUS - Contractuels";"But-Stid";"Eco BL";"Eco D2";"Interne";"Mathématiques"
"Part des élèves avec une moyenne en UE ECO en 2A < 12 sur 2023-2024";"0";"2.3";"0";"0";"14.3";"13.6";"5.6";"5.9"
"Part des élèves avec une moyenne en UE ECO en 2A < 12 sur 2021-2022";"22.6";"24.4";"0";"15.8";"15.4";"21.7";"20";"20.9"
"Part des élèves avec une moyenne en UE ECO en 2A < 12 sur 2018-2020";"9.5";"14.5";"42.9";"10.3";"14.7";"7.7";"3.2";"21.3"
"Part des élèves avec une moyenne en UE ECO en 2A < 12 sur 2015-2017";"17.1";"19.5";"66.7";"32";"22.2";"24.3";"43.3";"39.8"
