"";"AST 1A";"AST 2A";"ERASMUS - Contractuels";"But-Stid";"Eco BL";"Eco D2";"Interne";"Mathématiques"
"Part des élèves avec une moyenne en UE INFO en 2A < 12 sur 2023-2024";"0";"0";"0";"0";"7.1";"0";"5.6";"3.6"
"Part des élèves avec une moyenne en UE INFO en 2A < 12 sur 2021-2022";"0";"4.9";"0";"0";"3.8";"4.3";"4";"2.7"
"Part des élèves avec une moyenne en UE INFO en 2A < 12 sur 2018-2020";"7.1";"3.6";"42.9";"0";"2.9";"7.7";"3.2";"9.6"
"Part des élèves avec une moyenne en UE INFO en 2A < 12 sur 2015-2017";"2.9";"17.1";"0";"0";"0";"5.4";"0";"5.6"
