"";"AST 1A";"But-Stid";"ERASMUS - Contractuels";"Eco BL";"Eco D2";"Interne";"Mathématiques"
"Part des élèves avec une moyenne en UE HUMANITES en 1A < 12 sur 2023-2024";"10.8";"8";"0";"5.3";"4.2";"23.1";"5"
"Part des élèves avec une moyenne en UE HUMANITES en 1A < 12 sur 2021-2022";"17.6";"6.2";"0";"12.1";"20";"4.8";"14.7"
"Part des élèves avec une moyenne en UE HUMANITES en 1A < 12 sur 2018-2020";"4.7";"0";"11.1";"4.8";"2.6";"3.1";"4.3"
"Part des élèves avec une moyenne en UE HUMANITES en 1A < 12 sur 2015-2017";"5.1";"0";"0";"4.5";"0";"2.9";"8.2"
